{
  "required": true,
  "minVersion": "0.8",
  "package": "net.ccbluex.liquidbounce.injection.mixins",
  "compatibilityLevel": "JAVA_21",
  "priority": 1337,
  "mixinPriority": 1337,
  "client": [
    "authlib.MixinMinecraftClient",
    "blaze3d.MixinRenderSystem",
    "djl.MixinUtils",
    "lithium.MixinChunkAwareBlockCollisionSweeper",
    "minecraft.block.MixinBlock",
    "minecraft.block.MixinBlockCollisionSpliterator",
    "minecraft.block.MixinBlockView",
    "minecraft.block.MixinCobwebBlock",
    "minecraft.block.MixinPowderSnowBlock",
    "minecraft.block.MixinSlimeBlock",
    "minecraft.client.MixinClientWorld",
    "minecraft.client.MixinClientWorldProperties",
    "minecraft.client.MixinGameMode",
    "minecraft.client.MixinGameOptions",
    "minecraft.client.MixinInput",
    "minecraft.client.MixinKeyBinding",
    "minecraft.client.MixinKeyboard",
    "minecraft.client.MixinKeyboardInput",
    "minecraft.client.MixinMinecraftClient",
    "minecraft.client.MixinMouse",
    "minecraft.client.MixinNarratorManager",
    "minecraft.client.MixinParticleManager",
    "minecraft.client.MixinPlayerInventory",
    "minecraft.client.MixinTextHandler",
    "minecraft.client.MixinTranslationStorage",
    "minecraft.client.MixinWindow",
    "minecraft.client.MixinWorld",
    "minecraft.client.network.MixinCommonNetworkHandler",
    "minecraft.client.network.message.MixinMessageHandler",
    "minecraft.entity.MixinAbstractClientPlayerEntity",
    "minecraft.entity.MixinAbstractHorseEntity",
    "minecraft.entity.MixinArmorFeatureRenderer",
    "minecraft.entity.MixinBeaconBlockEntityRenderer",
    "minecraft.entity.MixinClientPlayerEntity",
    "minecraft.entity.MixinEnchantingTableBlockEntityRenderer",
    "minecraft.entity.MixinEntity",
    "minecraft.entity.MixinEntityRenderer",
    "minecraft.entity.MixinHeadFeatureRenderer",
    "minecraft.entity.MixinLivingEntity",
    "minecraft.entity.MixinLivingEntityCompatibility",
    "minecraft.entity.MixinMobSpawnerBlockEntityRenderer",
    "minecraft.entity.MixinPlayerEntity",
    "minecraft.entity.MixinPlayerEntityAccessor",
    "minecraft.entity.projectile.MixinFireworkRocketEntity",
    "minecraft.entity.projectile.MixinFishingBobberEntity",
    "minecraft.fluid.MixinFlowableFluid",
    "minecraft.gui.MixinBossBarHud",
    "minecraft.gui.MixinChatHud",
    "minecraft.gui.MixinChatHudAccessor",
    "minecraft.gui.MixinChatInputSuggestor",
    "minecraft.gui.MixinChatScreen",
    "minecraft.gui.MixinChatScreenAccessor",
    "minecraft.gui.MixinDrawContext",
    "minecraft.gui.MixinHandledScreen",
    "minecraft.gui.MixinInGameHud",
    "minecraft.gui.MixinPlayerListHud",
    "minecraft.gui.MixinScoreboard",
    "minecraft.gui.MixinScreen",
    "minecraft.gui.MixinSplashOverlay",
    "minecraft.gui.MixinStringHelper",
    "minecraft.gui.custom.MixinConnectScreen",
    "minecraft.gui.custom.MixinDisconnectedScreen",
    "minecraft.gui.custom.MixinDownloadingTerrainScreen",
    "minecraft.gui.widget.MixinEntryListWidget",
    "minecraft.item.MixinArmorItem",
    "minecraft.item.MixinHeldItemRenderer",
    "minecraft.item.MixinItem",
    "minecraft.item.MixinItemStack",
    "minecraft.item.MixinMiningToolItem",
    "minecraft.network.MixinAllowedAddressResolver",
    "minecraft.network.MixinClientConnection",
    "minecraft.network.MixinClientLoginNetworkHandlerMixin",
    "minecraft.network.MixinClientPlayerInteractionManager",
    "minecraft.network.MixinClientPlayNetworkHandler",
    "minecraft.network.MixinEntitiesDestroyS2CPacket",
    "minecraft.network.MixinHandshakeC2SPacket",
    "minecraft.network.MixinMultiplayerServerListPinger",
    "minecraft.network.MixinPacketByteBuf",
    "minecraft.network.MixinPacketWrapper",
    "minecraft.network.MixinPlayerInteractBlockC2SPacket",
    "minecraft.network.MixinPlayerInteractItemC2SPacket",
    "minecraft.network.MixinPlayerListEntry",
    "minecraft.registry.MixinRegistries",
    "minecraft.render.MixinBackgroundRenderer",
    "minecraft.render.MixinBlockEntityRenderDispatcher",
    "minecraft.render.MixinBlockRenderManager",
    "minecraft.render.MixinCamera",
    "minecraft.render.MixinChunkOcclusionDataBuilder",
    "minecraft.render.MixinEndCrystalEntityModel",
    "minecraft.render.MixinEndCrystalEntityRenderer",
    "minecraft.render.MixinEntityRenderDispatcher",
    "minecraft.render.MixinEntityRenderer",
    "minecraft.render.MixinGameRenderer",
    "minecraft.render.MixinInactivityFpsLimiter",
    "minecraft.render.MixinInGameOverlayRenderer",
    "minecraft.render.MixinItemRender",
    "minecraft.render.MixinLightmapTextureManager",
    "minecraft.render.MixinLivingEntityRenderer",
    "minecraft.render.MixinMapRenderer",
    "minecraft.render.MixinOutlineVertexConsumerProvider",
    "minecraft.render.MixinPlayerEntityRenderer",
    "minecraft.render.MixinRenderTickCounter",
    "minecraft.render.MixinSignText",
    "minecraft.render.MixinTextRenderer",
    "minecraft.render.MixinWeatherRendering",
    "minecraft.render.MixinWorldRenderer",
    "minecraft.render.entity.MixinEntityRenderState",
    "minecraft.render.entity.feature.MixinDeadmau5FeatureRenderer",
    "minecraft.render.entity.feature.MixinFeatureRenderer",
    "minecraft.text.MixinChatHudLine",
    "minecraft.text.MixinChatHudLineVisible",
    "minecraft.text.MixinTextColor",
    "minecraft.text.MixinTranslatableTextContent",
    "minecraft.world.chuck.MixinChunkSkyLightProvider",
    "sodium.MixinSodiumBlockOcclusionCache",
    "sodium.MixinSodiumLightDataAccessMixin",
    "truffle.MixinHostClassDesc",
    "truffle.MixinHostClassLoader",
    "truffle.MixinHostContext",
    "truffle.MixinTruffleLanguage"
  ],
  "server": [],
  "injectors": {
    "defaultRequire": 1
  },
  "refmap": "liquidbounce-refmap.json"
}