{
  "comment": "dexland",
  "traderTitles": ["магазин"],
  "initialCategorySlot": 0,
  "elements": [
    {
      "item": {"id": "iron_sword"},
      "categorySlot": 0, "itemSlot": 29,
      "price": {"id": "gold_ingot", "minAmount": 7},
      "purchaseConditions": {"id": "diamond_sword", "max": 0}
    },
    {
      "item": {"id": "stone_sword"},
      "categorySlot": 0, "itemSlot": 20,
      "price": {"id": "iron_ingot", "minAmount": 10},
      "purchaseConditions": {"all": [{"id": "iron_sword", "max": 0}, {"id": "diamond_sword", "max": 0}]}
    },
    {
      "item": {"id": "wool", "minAmount": 64},
      "categorySlot": 0, "itemSlot": 19,
      "price": {"id": "iron_ingot", "minAmount": 4}
    },
    {
      "item": {"id": "iron_boots"},
      "categorySlot": 0, "itemSlot": 30,
      "price": {"id": "gold_ingot", "minAmount": 12},
      "purchaseConditions": {"id": "diamond_boots", "max": 0}
    },
    {
      "item": {"id": "chainmail_boots"},
      "categorySlot": 0, "itemSlot": 21,
      "price": {"id": "iron_ingot", "minAmount": 40},
      "purchaseConditions": {"all": [{"id": "iron_boots", "max": 0}, {"id": "diamond_boots", "max": 0}]}
    },
    {
      "item": {"id": "golden_apple", "minAmount": 2},
      "categorySlot": 7, "itemSlot": 21,
      "price": {"id": "gold_ingot", "minAmount": 3}
    },
    {
      "item": {"id": "shears"},
      "categorySlot": 0, "itemSlot": 31,
      "price": {"id": "iron_ingot", "minAmount": 16}
    }
  ]
}