{"A":[false,true,false,true,false,true,true,false,true,true,true,true,true,false,true,true,false,true,true,false,true],"B":[true,true,false,true,false,true,true,false,true,true,true,false,true,false,true,true,false,true,true,true,false],"C":[false,true,true,true,false,false,true,false,false,true,false,false,true,false,false,true,false,false,false,true,true],"D":[true,true,false,true,false,true,true,false,true,true,false,true,true,false,true,true,false,true,true,true,false],"E":[true,true,true,true,false,false,true,false,false,true,true,false,true,false,false,true,false,false,true,true,true],"H":[true,false,true,true,false,true,true,false,true,true,true,true,true,false,true,true,false,true,true,false,true],"I":[true,true,true,true,true,true,true],"J":[true,true,false,true,false,true,false,true,false,true,false,true,true,false],"K":[true,false,true,true,false,true,true,false,true,true,true,false,true,false,true,true,false,true,true,false,true],"L":[true,false,false,true,false,false,true,false,false,true,false,false,true,false,false,true,false,false,true,true,true],"M":[true,false,false,false,true,true,false,false,false,true,true,true,false,true,true,true,false,true,false,true,true,false,false,false,true,true,false,false,false,true,true,false,false,false,true],"N":[true,false,false,true,true,false,false,true,true,true,false,true,true,false,true,true,true,false,false,true,true,false,false,true,true,false,false,true],"O":[false,true,false,true,false,true,true,false,true,true,false,true,true,false,true,true,false,true,false,true,false],"R":[true,true,false,true,false,true,true,false,true,true,true,false,true,false,true,true,false,true,true,false,true],"S":[false,true,true,true,false,false,true,false,false,false,true,false,false,false,true,false,false,true,true,true,false],"T":[true,true,true,false,true,false,false,true,false,false,true,false,false,true,false,false,true,false,false,true,false],"U":[true,false,true,true,false,true,true,false,true,true,false,true,true,false,true,true,false,true,false,true,false],"X":[true,false,true,true,false,true,true,false,true,false,true,false,true,false,true,true,false,true,true,false,true],"Y":[true,false,true,true,false,true,true,false,true,false,true,false,false,true,false,false,true,false,false,true,false],":":[false,false,false,true,false,false,true]}