{
  "schemaVersion": 1,
  "id": "liquidbounce",
  "version": "0.30.0",
  "name": "LiquidBounce",
  "description": "A free mixin-based injection hacked-client for Minecraft using the Fabric modding toolchain.",
  "authors": [
    "CCBlueX"
  ],
  "contributors": [
    "1zun4",
    "superblaubeere27",
    "mems01",
    "SenkJu",
    "MukjepScarlet",
    "ccetl",
    "Ell1ott",
    "be4dev",
    "larryngton2",
    "sqlerrorthing",
    "ManInMyVan",
    "Jucku",
    "liquidsquid1",
    "zhevonez",
    "localpthebest",
    "Razzy52",
    "guosic",
    "latiao-1337",
    "Zirada",
    "EclipsesDev",
    "Katinuka",
    "1zun4secondary",
    "opZywl",
    "Munchax10",
    "VenixPLL",
    "PepejHa4ker",
    "derech1e",
    "commandblock2",
    "sokripon",
    "kvdlxne",
    "leumasme",
    "bamedevs",
    "exampleContributor",
    "Coccocoahelper",
    "easyloo",
    "DataM0del",
    "gabrielvicenteYT",
    "azureskylines",
    "NurMarvin",
    "LTBlueLatios",
    "wevez",
    "0x1bd",
    "mazioot",
    "levzzz5154",
    "ion1x",
    "SmugNugg",
    "re-ovo",
    "HerXayah",
    "lorbeeren",
    "laoshuikaixue",
    "Gowixx",
    "7GrandDadPGN",
    "CzechHek",
    "Snowiiii",
    "i57331",
    "hiro1234omochi",
    "heckerpowered",
    "hax0r31337",
    "fineless71",
    "enderchickenbawk",
    "eisun",
    "d1n3x3z7",
    "UserSv4",
    "TheBlocky",
    "Slavko-P",
    "juneisgod",
    "liuedg1",
    "nettnikl",
    "quandie",
    "swimdr",
    "tratan",
    "TheColorfulGabibbo",
    "yoseph1247",
    "DiamondGotCat",
    "buiawpkgew1",
    "XeContrast",
    "NekosAreKawaii",
    "Teals53",
    "benjarobbi",
    "Byfr0n",
    "CertainRawrys",
    "ChineseCookie",
    "DasCanard",
    "maindevo",
    "Dreeam-qwq",
    "FengXiaoSkidGod",
    "g0ldyy",
    "jieshule",
    "jonesdevelopment",
    "K4elZ",
    "Kinue72",
    "L1shed",
    "Lyzev",
    "MaeTobiGeri",
    "0x4rch",
    "caattoo",
    "Pivo1lovv",
    "RacoonDog"
  ],
  "contact": {
    "homepage": "https://liquidbounce.net/",
    "sources": "https://github.com/CCBlueX/LiquidBounce/",
    "issues": "https://github.com/CCBlueX/LiquidBounce/issues",
    "email": "support@liquidbounce.net"
  },
  "license": "GNU General Public License v3.0",
  "icon": "resources/liquidbounce/icon_64x64.png",
  "environment": "client",
  "entrypoints": {
    "main": []
  },
  "custom": {
    "modmenu": {
      "links": {
        "liquidbounce.generic.forum": "https://forums.ccbluex.net/"
      }
    }
  },
  "mixins": [
    "liquidbounce.mixins.json"
  ],
  "depends": {
    "minecraft": [
      "1.21.4"
    ],
    "fabricloader": "\u003e\u003d0.16.5",
    "fabric-language-kotlin": "\u003e\u003d1.13.1+kotlin.2.1.10"
  },
  "suggests": {
    "fabric": "\u003e\u003d0.118.0+1.21.4",
    "viafabricplus": "\u003e\u003d4.0.3"
  },
  "breaks": {
    "viafabricplus": "\u003c4.0.3"
  },
  "accessWidener": "liquidbounce.accesswidener",
  "jars": [
    {
      "file": "META-INF/jars/DiscordIPC-4.0.0.jar"
    },
    {
      "file": "META-INF/jars/Reflect-1.3.2.jar"
    },
    {
      "file": "META-INF/jars/ahocorasick-0.6.3.jar"
    },
    {
      "file": "META-INF/jars/api-0.32.0.jar"
    },
    {
      "file": "META-INF/jars/api-4.1.0.jar"
    },
    {
      "file": "META-INF/jars/chromeinspector-tool-24.0.2.jar"
    },
    {
      "file": "META-INF/jars/collections-24.0.2.jar"
    },
    {
      "file": "META-INF/jars/coverage-tool-24.0.2.jar"
    },
    {
      "file": "META-INF/jars/dap-tool-24.0.2.jar"
    },
    {
      "file": "META-INF/jars/icu4j-24.0.2.jar"
    },
    {
      "file": "META-INF/jars/insight-heap-tool-24.0.2.jar"
    },
    {
      "file": "META-INF/jars/insight-tool-24.0.2.jar"
    },
    {
      "file": "META-INF/jars/jniutils-24.0.2.jar"
    },
    {
      "file": "META-INF/jars/js-language-24.0.2.jar"
    },
    {
      "file": "META-INF/jars/json-24.0.2.jar"
    },
    {
      "file": "META-INF/jars/junixsocket-common-2.8.3.jar"
    },
    {
      "file": "META-INF/jars/junixsocket-native-common-2.8.3.jar"
    },
    {
      "file": "META-INF/jars/lsp-tool-24.0.2.jar"
    },
    {
      "file": "META-INF/jars/lsp_api-24.0.2.jar"
    },
    {
      "file": "META-INF/jars/mc-authlib-1.4.1.jar"
    },
    {
      "file": "META-INF/jars/mcef-3.0.7-1.21.4.jar"
    },
    {
      "file": "META-INF/jars/nativeimage-24.0.2.jar"
    },
    {
      "file": "META-INF/jars/netty-codec-http-4.1.97.Final.jar"
    },
    {
      "file": "META-INF/jars/netty-codec-socks-4.1.97.Final.jar"
    },
    {
      "file": "META-INF/jars/netty-handler-proxy-4.1.97.Final.jar"
    },
    {
      "file": "META-INF/jars/netty-httpserver-2.1.1.jar"
    },
    {
      "file": "META-INF/jars/okhttp-5.0.0-alpha.14.jar"
    },
    {
      "file": "META-INF/jars/okio-jvm-3.9.0.jar"
    },
    {
      "file": "META-INF/jars/polyglot-24.0.2.jar"
    },
    {
      "file": "META-INF/jars/profiler-tool-24.0.2.jar"
    },
    {
      "file": "META-INF/jars/pytorch-engine-0.32.0.jar"
    },
    {
      "file": "META-INF/jars/regex-24.0.2.jar"
    },
    {
      "file": "META-INF/jars/semver4j-3.1.0.jar"
    },
    {
      "file": "META-INF/jars/tika-core-2.9.2.jar"
    },
    {
      "file": "META-INF/jars/tiny-mappings-parser-0.3.0+build.17.jar"
    },
    {
      "file": "META-INF/jars/truffle-api-24.0.2.jar"
    },
    {
      "file": "META-INF/jars/truffle-compiler-24.0.2.jar"
    },
    {
      "file": "META-INF/jars/truffle-runtime-24.0.2.jar"
    },
    {
      "file": "META-INF/jars/word-24.0.2.jar"
    }
  ]
}